﻿Utility,Rate Structure,Operation Ratio (w/dep),Days Cash on Hand,Avg. Percent Capital Assets Depreciated,Long Term Debt per Customer,Monthly Water Bill at 5k Gallons,
Aberdeen,Aberdeen,0.98,359,0.57,0,$27.47,
Ahoskie,Ahoskie,1.25,33,0.32,"2,274",$51.26,
Alamance Village,Alamance Village,0.81,402,0.27,128,$39.88,
Albemarle,Albemarle,1.06,215,0.52,"1,329",$22.41,
Alexander County,Alexander County,1.2,1276,0.43,270,$29.27,
Alexander County,Alexander County - Sugarloaf and Hwy 16,1.2,1276,0.43,"2,354",$49.54,
Andrews,Andrews,0.93,86,0.67,446,$43.00,
Angier,Angier,1.11,691,0.42,617,$39.26,
Ansonville,Ansonville,1.09,192,0.75,388,$36.03,
Apex,Apex,0.76,1990,0.37,853,$35.84,
Apex,Apex - Colvin Park,0.76,1990,0.37,862,$72.64,
Archdale,Archdale,1.23,1190,0.44,375,$35.13,
Asheboro,Asheboro,0.91,375,0.56,174,$29.93,
Asheville,Asheville,1.41,1224,0.47,476,$31.31,
Atlantic Beach,Atlantic Beach,1.11,404,0.79,29,$23.90,
Aulander,Aulander,0.88,787,0.54,264,$33.63,
Aurora,Aurora,1.01,143,0.81,0,$36.05,
Autryville,Autryville,0.93,158,0.67,0,$54.36,
Ayden,Ayden,1.04,174,0.39,970,$39.25,
Bailey,Bailey,0.99,536,0.49,261,$45.28,
Bakersville,Bakersville,0.78,247,0.34,304,$25.00,
Bald Head Island,Bald Head Island,1.22,293,0.23,439,$82.08,
Banner Elk,Banner Elk,1.19,784,0.62,106,$39.80,
Bath,Bath,0.83,219,0.55,"2,789",$61.00,
Bay River Metropolitan Sewerage District,Bay River Metropolitan Sewerage District,0.84,294,0.56,288,$54.50,
Beaufort,Beaufort,1.37,191,0.29,253,$70.45,
Beaufort County,Beaufort County - District I,1.19,717,0.29,"2,995",$58.10,
Beaufort County,Beaufort County - District II,1.19,717,0.29,"4,375",$54.65,
Beaufort County,Beaufort County - District III,1.19,717,0.29,"1,701",$55.22,
Beaufort County,Beaufort County - District IV,1.19,717,0.29,"14,637",$58.86,
Beaufort County,Beaufort County - District V,1.19,717,0.29,"1,701",$59.96,
Beaufort County,Beaufort County - District VI,1.19,717,0.29,"8,220",$55.37,
Beaufort County,Beaufort County - District VII,1.19,717,0.29,"3,596",$57.79,
Beech Mountain,Beech Mountain,1,242,0.36,"1,987",$50.88,
Belhaven,Belhaven,1.1,0,0.36,"1,341",$64.53,
Belmont,Belmont,0.9,632,0.43,811,$40.62,
Benson,Benson,0.88,53,0.36,"1,362",$38.70,
Bermuda Run,Bermuda Run,1.89,3087,0.39,0,$45.88,
Bessemer City,Bessemer City,1.08,72,0.4,307,$41.38,
Bethel,Bethel,0.68,,0.33,"2,468",$67.15,
Beulaville,Beulaville,0.89,629,0.41,"1,740",$50.00,
Biltmore Forest,Biltmore Forest,1.02,113,0.5,0,$43.56,
Biscoe,Biscoe,1.13,479,0.43,525,$28.50,
Black Mountain,Black Mountain,1.12,357,0.44,198,$39.10,
Bladen County,Bladen County,,,0.68,"1,087",$31.04,
Bladenboro,Bladenboro,0.67,154,0.41,0,$27.72,
Blowing Rock,Blowing Rock,0.92,692,0.43,"1,777",$39.38,
Boardman,Boardman,0.27,429,0.41,0,$37.25,
Boiling Springs,Boiling Springs,1.14,172,0.44,224,$36.50,
Bolton,Bolton,0.37,,0.22,11,$36.70,
Boone,Boone,1.33,870,0.3,"1,694",$34.20,
Boonville,Boonville,0.87,561,0.57,917,$43.18,
Bostic,Bostic,1.39,2289,0.43,128,$44.00,
Brevard,Brevard,1.06,55,0.26,"1,991",$51.50,
Bridgeton,Bridgeton,1,462,0.63,693,$55.38,
Broad River Water Authority,Broad River Water Authority,1.61,933,0.41,891,$49.40,
Broadway,Broadway,0.99,749,0.71,88,$30.25,
Brunswick,Brunswick,0.9,544,0.23,0,$32.60,
Brunswick County,Brunswick County,1.32,687,0.29,"1,020",$39.13,
Brunswick Regional Water and Sewer H2GO,Brunswick Regional Water and Sewer H2GO,1.6,502,0.02,173,$34.78,
Bryson City,Bryson City,0.9,135,0.47,546,$29.78,
Bunn,Bunn,0.99,404,0.5,836,$38.15,
Burgaw,Burgaw,0.99,627,0.29,703,$34.95,
Burke County,Burke County,0.83,227,0.52,26,$49.30,
Burlington,Burlington,1.25,1424,0.51,556,$23.40,
Burnsville,Burnsville,0.99,144,0.34,187,$74.02,
Cajah's Mountain,Cajah's Mountain,0.72,397,0.32,0,$40.96,
Caldwell County,Caldwell County,1.01,793,0.77,0,$29.25,
Calypso,Calypso,1.35,1515,0.29,0,$50.00,
Cameron,Cameron,0.73,767,0.66,0,$43.00,
Candor,Candor,1.04,155,0.6,347,$42.76,
Canton,Canton,1.24,471,0.37,172,$17.07,
Cape Fear Public Utility Authority,Cape Fear Public Utility Authority,1.17,585,0.23,"1,398",$35.79,
Carolina Beach,Carolina Beach,1.47,190,0.28,"2,633",$43.00,
Carteret County,Carteret County,0.65,570,0.48,684,$55.10,
Carteret County,Carteret County - Merrimon System,0.65,570,0.48,559,$43.60,
Carthage,Carthage,0.77,186,0.49,774,$54.03,
Cary,Cary,1.24,2127,0.28,"1,490",$40.50,
Cerro Gordo,Cerro Gordo,0.45,618,0.29,0,$34.25,
Chadbourn,Chadbourn,0.97,1017,0.25,"1,447",$45.50,
Chatham County,Chatham County,1.34,1474,0.34,593,$52.50,
Cherryville,Cherryville,0.81,113,0.51,42,$36.50,
Chocowinity,Chocowinity,0.92,369,0.34,"1,941",$50.18,
Chowan County,Chowan County,1,594,0.72,0,$35.00,
Claremont,Claremont,1.36,923,0.59,0,$42.61,
Clarkton,Clarkton,0.99,436,0.35,341,$28.19,
Clay County Water and Sewer District,Clay County Water and Sewer District,0.65,224,0.57,0,$24.35,
Clayton,Clayton,0.78,70,0.32,393,$46.81,
Cleveland,Cleveland,1.7,3654,0.49,0,$33.53,
Cleveland County Water,Cleveland County Water,1.05,335,0.45,37,$29.29,
Clinton,Clinton,1.01,402,0.61,674,$24.72,
Clyde,Clyde,1,192,0.37,99,$49.42,
Coats,Coats,1.16,723,0.79,0,$31.50,
Colerain,Colerain,0.55,326,0.78,0,$65.00,
Columbia,Columbia,0.7,2051,0.32,"2,478",$37.24,
Columbus,Columbus,1.23,476,0.33,"1,770",$30.52,
Columbus County,Columbus County - Riegelwood Sanitary District,1.22,1374,0.35,559,$37.50,
Concord,Concord,1.25,1126,0.45,315,$31.17,
Conover,Conover,1.07,622,0.42,207,$29.28,
Conway,Conway,0.83,1284,0.42,720,$27.25,
Craven County,Craven County,0,1139,44,463,$21.00,
Creswell,Creswell,0.71,194,0.35,0,$72.15,
Crossnore,Crossnore,0.81,88,0.37,0,$24.00,
Cumberland County,Cumberland County - Kelly Hills District,0.71,431,0.35,141,$61.50,
Cumberland County,Cumberland County - NORCRESS District,0.71,431,0.35,7,$53.90,
Cumberland County,Cumberland County - Southpoint,0.71,431,0.35,141,$59.00,
Currituck County,Currituck County - Mainland Water Department,1.18,903,0.47,"1,381",$57.00,
Currituck County,Currituck County - Maple Commerce Park Sewer District,1.18,903,0.47,794,$63.75,
Currituck County,Currituck County - Moyock Central Sewer,1.18,903,0.47,794,$63.75,
Currituck County,Currituck County - Moyock Commons Sewer District,1.18,903,0.47,794,$170.00,
Currituck County,Currituck County - Newtown Road Wastewater Treatment District,1.18,903,0.47,794,$63.75,
Currituck County,Currituck County - Ocean Sands Water-Sewer District,1.18,903,0.47,"8,042",$42.10,
Currituck County,Currituck County - Southern Outer Banks,1.18,903,0.47,"2,692",$42.50,
Currituck County,Currituck County - Walnut Island Sanitary District,1.18,903,0.47,794,$57.00,
Dallas,Dallas,1.08,226,0.47,358,$49.84,
Dare County,Dare County,1.03,354,0.47,"1,111",$40.80,
Davidson County,Davidson County,0.79,880,0.21,45,$80.64,
Davie County,Davie County - Mocksville,1.12,666,0.51,0,$46.22,
Denton,Denton,1.06,190,0.44,967,$58.29,
Dobson,Dobson,0.94,186,0.39,333,$33.13,
Dortches,Dortches,,,,0,$64.75,
Dover,Dover,0.58,253,0.25,590,$38.38,
Drexel,Drexel,0.82,209,0.87,126,$20.70,
Dublin,Dublin,0.75,572,0.55,211,$44.00,
Dunn,Dunn,1.13,57,0.5,504,$36.05,
Durham,Durham,1.16,306,0.46,"1,173",$32.34,
Durham County,Durham County,0.96,2045,0.35,"249,422",$37.95,
East Arcadia,East Arcadia,0.82,276,0.68,0,$29.50,
East Bend,East Bend,0.86,285,0.58,0,$66.80,
East Spencer,East Spencer,0.93,28,0.52,940,$62.64,
Eden,Eden,1.23,202,0.49,915,$41.01,
Edenton,Edenton,1.07,188,0.67,546,$41.41,
Elizabeth City,Elizabeth City,1.08,266,0.43,54,$43.00,
Elizabethtown,Elizabethtown,0.94,1057,0.47,196,$22.82,
Elk Park,Elk Park,0.8,201,0.49,416,$24.00,
Elkin,Elkin,1.22,628,0.54,625,$49.00,
Ellenboro,Ellenboro,0.96,655,0.35,0,$40.67,
Elon,Elon,0.91,256,0.53,7,$41.93,
Enfield,Enfield,0.99,71,0.5,854,$58.50,
Everetts,Everetts,0.59,,0.38,0,$19.38,
Fair Bluff,Fair Bluff,0.47,166,0.28,0,$39.13,
Fairmont,Fairmont,0.81,38,0.41,921,$36.97,
Faison,Faison,0.65,554,0.48,249,$33.57,
Faith,Faith,0.78,558,0.39,"1,167",$30.03,
Falcon,Falcon,0.95,284,0.69,0,$30.14,
Fallston,Fallston,0.65,273,0.48,"3,153",$43.30,
Farmville,Farmville,1.02,372,0.32,"1,556",$50.61,
Fayetteville Public Works Commission,Fayetteville Public Works Commission,1.25,253,0.4,"1,496",$36.67,
First Craven Sanitary District,First Craven Sanitary District,1.24,840,0.58,192,$34.25,
Fontana Dam,Fontana Dam,0.52,0,0.03,0,$25.00,
Forest City,Forest City,1.09,528,0.44,23,$22.37,
Fork Township Sanitary District,Fork Township Sanitary District,1.17,1893,0.36,316,$60.20,
Fountain,Fountain,0.8,270,0.57,659,$55.99,
Four Oaks,Four Oaks,1.01,349,0.53,228,$39.70,
Foxfire Village,Foxfire Village,1.63,2875,0.58,78,$31.76,
Franklin,Franklin,1.28,435,0.33,934,$30.91,
Franklin County,Franklin County,1.53,432,0.42,405,$55.00,
Fremont,Fremont,7.26,12,0.37,591,$63.02,
Fuquay-Varina,Fuquay-Varina,1.18,974,0.31,"1,315",$40.34,
Gamewell,Gamewell,0.42,7,0.39,0,$32.50,
Garland,Garland,1.06,704,0.38,326,$35.75,
Gates County,Gates County,,,0.88,0,$36.00,
Gibson,Gibson,0.56,492,0.64,0,$23.69,
Gibsonville,Gibsonville,1.05,191,0.63,22,$42.81,
Godwin,Godwin,0.95,402,0.53,0,$52.00,
Goldston,Goldston,0.44,1125,0.07,"11,183",$55.00,
Goldston-Gulf Sanitary District,Goldston-Gulf Sanitary District,1.05,2015,0.66,"1,111",$55.00,
Graham,Graham,1.14,696,0.36,314,$26.95,
Granite Falls,Granite Falls,0.8,368,0.52,425,$33.75,
Green Level,Green Level,1.13,622,0.27,"1,308",$67.39,
Greenevers,Greenevers,0.63,140,0.35,0,$52.75,
Greensboro,Greensboro,1.22,224,0.42,"1,007",$25.94,
Greenville Utilities Commission,Greenville Utilities Commission,1.2,183,0.44,817,$36.53,
Grifton,Grifton,0.88,135,0.5,199,$42.90,
Grimesland,Grimesland,0.66,154,0.43,697,$67.00,
Grover,Grover,0.82,137,0.6,30,$42.24,
Halifax County,Halifax County,1.08,353,0.48,"1,006",$46.96,
Hamlet,Hamlet,1,489,0.75,1,$31.75,
Hamlet,Hamlet - East Rockingham,1,489,0.75,1,$22.95,
Handy Sanitary District,Handy Sanitary District,1.26,483,0.26,"1,623",$62.00,
Harkers Island Sanitary District,Harkers Island Sanitary District,1.54,1485,0.65,166,$44.00,
Harmony,Harmony,0.57,1416,0.27,395,$36.80,
Harnett Regional Water,Harnett Regional Water,1.14,0,21.11,0,$40.75,
Harrellsville,Harrellsville,1.15,633,0.61,376,$32.00,
Harrisburg,Harrisburg,1.12,501,0.29,740,$32.21,
Havelock,Havelock,1.06,697,0.5,"1,019",$48.09,
Haw River,Haw River,0.81,166,0.53,460,$47.08,
Henderson,Henderson,1.29,863,0.34,"1,468",$33.61,
Henderson County,Henderson County - Cane Creek Water and Sewer District,1.06,959,0.32,8,$49.86,
Hendersonville,Hendersonville,1.03,414,0.46,232,$27.50,
Hendersonville,Hendersonville - Laurel Park,1.03,414,0.46,"7,864",$41.20,
Hertford,Hertford,0.83,238,0.48,"3,445",$76.10,
Hertford County,Hertford County,1.4,1378,0.35,748,$37.00,
Hickory,Hickory,1.21,735,0.44,389,$29.27,
High Point,High Point,1.25,711,0.51,"1,659",$41.25,
High Shoals,High Shoals,0.64,174,0.2,0,$44.25,
Highlands,Highlands,0.83,320,0.33,178,$36.00,
Hillsborough,Hillsborough,1.4,630,0.33,"1,622",$57.38,
Hobgood,Hobgood,0.59,603,0.58,0,$48.75,
Hoke County,Hoke County,1.04,637,0.23,791,$42.50,
Holden Beach,Holden Beach,0.84,577,0.3,185,$30.38,
Holly Springs,Holly Springs,1.41,1268,0.27,947,$36.13,
Hookerton,Hookerton,0.74,774,0.37,"1,006",$39.26,
Hot Springs,Hot Springs,1.08,228,0.61,150,$42.50,
Jacksonville,Jacksonville,1.18,829,0.67,"1,522",$39.00,
Jamestown,Jamestown,1.44,1282,0.42,255,$22.40,
Jamesville,Jamesville,0.97,439,0.84,0,$50.37,
Jefferson,Jefferson,1.02,3079,0.52,0,$29.01,
Johnston County,Johnston County,1.35,703,0.42,"1,749",$50.85,
Jones County,Jones County,1,1323,0.49,189,$41.83,
Jonesville,Jonesville,1.14,354,0.31,"1,079",$56.73,
Junaluska Sanitary District,Junaluska Sanitary District,1.06,502,0.28,786,$49.88,
Kannapolis,Kannapolis,1.16,214,0.38,949,$39.13,
Kenansville,Kenansville,0.99,1017,0.65,27,$37.75,
Kenly,Kenly,0.97,276,0.5,19,$44.75,
King,King,1.09,499,0.38,571,$50.89,
Kings Mountain,Kings Mountain,1.02,609,0.56,"1,924",$28.71,
Kinston,Kinston,1.06,158,0.05,427,$44.11,
Kure Beach,Kure Beach,1.13,489,0.42,205,$37.20,
La Grange,La Grange,1.1,396,0.58,136,$37.76,
Lake Lure,Lake Lure,1.23,128,0.38,"1,023",$77.00,
Lake Santeetlah,Lake Santeetlah,0.93,261,0.91,50,$71.67,
Lake Waccamaw,Lake Waccamaw,0.94,845,0.45,509,$31.55,
Lansing,Lansing,0.81,486,0.51,0,$27.08,
Laurinburg,Laurinburg,1.27,488,0.51,289,$24.60,
Lawndale,Lawndale,0.67,1264,0.04,0,$48.50,
Leland,Leland,1.55,2168,0.3,"1,186",$32.61,
Lenoir,Lenoir,1.26,453,0.37,780,$24.37,
Lexington,Lexington,1.14,227,0.53,15,$33.49,
Liberty,Liberty,0.8,471,0.61,20,$28.40,
Lilesville,Lilesville,0.76,289,0.26,273,$63.13,
Lillington,Lillington,0.78,167,0.48,0,$33.04,
Lincoln County,Lincoln County,1.43,1233,0.38,766,$45.18,
Lincolnton,Lincolnton,1.28,860,0.62,690,$38.48,
Linden,Linden,1.17,1396,0.65,92,$47.45,
Littleton,Littleton,0.73,184,0.41,162,$46.00,
Locust,Locust,1.98,493,0.33,211,$60.44,
Long View,Long View,0.94,99,0.56,37,$26.61,
Louisburg,Louisburg,0.93,274,0.49,948,$49.51,
Lowell,Lowell,,,,0,$34.45,
Lucama,Lucama,,,,0,$56.53,
Lumberton,Lumberton,,,,0,$30.11,
Madison,Madison,0.95,214,0.63,534,$37.81,
Maggie Valley,Maggie Valley,1.21,1081,0.36,835,$27.00,
Maggie Valley Sanitary District,Maggie Valley Sanitary District - gravity fed,1.06,298,0.55,371,$36.00,
Maggie Valley Sanitary District,Maggie Valley Sanitary District - pumped 1x,1.06,298,0.55,400,$37.00,
Maggie Valley Sanitary District,Maggie Valley Sanitary District - pumped 2x,1.06,298,0.55,400,$39.00,
Maggie Valley Sanitary District,Maggie Valley Sanitary District - pumped 3x,1.06,298,0.55,400,$41.00,
Magnolia,Magnolia,,,,0,$40.94,
Maiden,Maiden,0.96,803,0.6,119,$24.75,
Manteo,Manteo,1.06,520,0.55,125,$42.99,
Marion,Marion,0.98,207,0.48,168,$26.23,
Mars Hill,Mars Hill,1.16,1430,0.49,250,$31.95,
Marshall,Marshall,0.83,557,0.47,496,$44.86,
Marshville,Marshville,1.15,1025,0.44,310,$50.00,
Martin County,Martin County,1.08,5,0.24,"2,721",$84.00,
Maury Sanitary Land District/Water Association,Maury Sanitary District,0.98,1097,0.53,0,$52.88,
Maxton,Maxton,0.89,625,0.4,90,$22.03,
Mayodan,Mayodan,1.08,328,0.42,707,$40.50,
Maysville,Maysville,1.01,83,0.38,100,$62.63,
McAdenville,McAdenville,1.24,716,0.25,0,$41.89,
McDowell County,McDowell County,0.68,285,0.13,458,$41.85,
Mebane,Mebane,1.05,574,0.3,505,$31.68,
Mebane,Mebane - Efland,1.05,574,0.3,"12,329",$65.60,
Metropolitan Sewerage District of Buncombe County,Metropolitan Sewerage District of Buncombe County,1.66,1477,0.3,433,$40.13,
Middlesex,Middlesex,0.87,475,0.51,79,$59.63,
Mocksville,Mocksville,0.92,106,0.51,0,$32.09,
Monroe,Monroe,2.06,2395,0.36,759,$30.29,
Montgomery County,Montgomery County,,0,2.22,614,$41.00,
Montreat,Montreat,1.15,1334,0.6,607,$39.10,
Moore County,Moore County,1.06,428,0.47,"1,408",$33.33,
Moore County,Moore County - East Moore Water District,1.06,428,0.47,"6,302",$48.21,
Mooresville,Mooresville,1.34,987,0.43,"1,324",$34.30,
Morehead City,Morehead City,1.37,1125,0.34,"1,774",$48.51,
Morganton,Morganton,1.26,760,0.48,467,$24.24,
Morven,Morven,0.55,434,0.31,0,$51.42,
Mount Airy,Mount Airy,1.09,482,0.52,749,$28.30,
Mount Gilead,Mount Gilead,0.88,500,0.43,735,$43.86,
Mount Holly,Mount Holly,1.17,786,0.56,207,$28.05,
Mount Holly,Mount Holly - Stanley,1.17,786,0.56,617,$138.70,
Mount Olive,Mount Olive,1.03,1,0.33,"1,237",$44.50,
Mount Pleasant,Mount Pleasant,1.23,331,0.37,391,$40.70,
Murphy,Murphy,0.74,453,0.49,81,$22.50,
Nags Head,Nags Head,0.91,356,0.64,11,$42.05,
Nash County,Nash County,1.06,,0.16,"1,936",$64.75,
Nashville,Nashville,1,184,0.56,24,$41.18,
Navassa,Navassa,0.59,92,9.45,558,$45.75,
New Bern,New Bern,1.21,365,0.36,"1,051",$39.96,
New London,New London,0.87,1241,0.41,0,$54.06,
Newton,Newton,1,161,0.6,538,$42.48,
North Wilkesboro,North Wilkesboro,1.09,630,0.52,345,$27.02,
Norwood,Norwood,0.92,196,0.41,473,$50.80,
Oak Island,Oak Island,1.26,1295,0.27,"3,672",$40.94,
Oakboro,Oakboro,1.03,840,0.54,324,$44.25,
Ocean Isle Beach,Ocean Isle Beach,1.14,832,0.46,0,$39.70,
Old Fort,Old Fort,0.67,507,0.45,438,$25.65,
Onslow Water and Sewer Authority,ONWASA,1.06,945,0.36,521,$41.84,
Orange Water and Sewer Authority,OWASA,1.11,257,0.41,798,$44.73,
Oriental,Oriental,0.83,145,0.55,0,$35.95,
Oxford,Oxford,1.46,642,0.41,"1,131",$47.29,
Pamlico County,Pamlico County,1.06,720,0.46,171,$39.25,
Parkton,Parkton,0.88,309,0.36,"1,020",$46.10,
Parmele,Parmele,0.64,391,0.35,0,$51.90,
Pasquotank County,Pasquotank County,1.18,964,0.47,546,$32.00,
Peachland,Peachland,0.84,729,0.34,197,$53.25,
Pembroke,Pembroke,1.03,372,0.38,249,$24.26,
Pender County,"Pender County - Central Pender Water and Sewer District, Moore's Creek Water and Sewer District",,,0.14,"2,641",$71.40,
Pender County,Pender County - Maple Hill Water District,,,0.14,"75,694",$53.50,
Pender County,Pender County - Rocky Point-Topsail Water and Sewer District,,,0.14,"2,837",$65.00,
Perquimans County,Perquimans County,1,256,0.53,193,$43.00,
Pilot Mountain,Pilot Mountain,0.78,10,0.63,314,$44.38,
Pine Knoll Shores,Pine Knoll Shores,1.32,712,0.34,605,$27.08,
Pine Level,Pine Level,0.97,211,0.56,350,$38.00,
Pinebluff,Pinebluff,1.35,1050,0.64,0,$34.49,
Pinetops,Pinetops,0.67,35,0.55,0,$33.60,
Pink Hill,Pink Hill,0.71,379,0.41,"1,065",$55.00,
Pittsboro,Pittsboro,0.9,473,0.51,324,$50.57,
Plymouth,Plymouth,0.94,,0.41,170,$53.00,
Polkton,Polkton,0.69,1089,0.38,0,$52.18,
Powellsville,Powellsville,0.56,2,0.24,832,$36.00,
Proctorville,Proctorville,0.45,130,0.32,0,$40.00,
Raeford,Raeford,0.94,1034,0.55,258,$24.82,
Raleigh,"Raleigh, Garner, Rolesville, Wake Forest, Knightdale, Wendell, & Zebulon",1.76,1352,0.39,"1,269",$36.06,
Raleigh,z(old) Raleigh - Knightdale,1.76,1352,0.39,,$36.42,
Raleigh,z(old) Raleigh - Wendell,1.76,1352,0.39,"1,651",$62.71,
Raleigh,z(old) Raleigh - Zebulon,1.76,1352,0.39,"1,650",$77.10,
Ramseur,Ramseur,1.15,692,0.55,231,$35.50,
Randleman,Randleman,1.37,584,0.61,367,$38.65,
Red Springs,Red Springs,1.17,56,0.57,299,$36.93,
Reidsville,Reidsville,1.14,414,0.4,"1,467",$33.34,
Rhodhiss,Rhodhiss,0.64,441,0.25,44,$46.48,
River Bend,River Bend,1.09,944,0.77,690,$51.46,
Roanoke Rapids Sanitary District,Roanoke Rapids Sanitary District,1.07,881,0.48,605,$25.88,
Robbins,Robbins,0.86,183,0.63,"1,447",$51.83,
Robbinsville,Robbinsville,0.87,207,0.31,964,$52.12,
Robeson County,Robeson County,1.31,210,0.59,175,$34.00,
Rockingham,Rockingham,1.16,230,0.65,0,$13.70,
Rockingham County,Rockingham County,0.85,2008,0.4,"3,117",$62.30,
Rocky Mount,Rocky Mount,1.06,351,0.51,165,$25.04,
Roper,Roper,0.69,268,0.46,"1,092",$46.75,
Rose Hill,Rose Hill,0.79,856,0.31,869,$37.15,
Roseboro,Roseboro,0.95,194,0.58,289,$34.60,
Rosman,Rosman,0.92,250,0.33,0,$31.13,
Rowland,Rowland,0.78,84,0.51,507,$33.60,
Roxboro,Roxboro,0.93,122,0.49,"2,463",$34.25,
Rutherford College,Rutherford College,1.01,671,0.42,747,$36.23,
Rutherfordton,Rutherfordton,0.79,325,0.44,504,$34.48,
Salemburg,Salemburg,0.93,874,0.72,0,$34.88,
Salisbury-Rowan Utilities,Salisbury-Rowan Utilities,1.21,535,0.51,443,$36.06,
Saluda,Saluda,1.42,409,0.34,189,$80.00,
Sampson County,Sampson County,1.07,512,0.36,"1,074",$43.65,
Sandyfield,Sandyfield,0.55,625,0.16,0,$25.00,
Sanford,Sanford,1.01,438,0.37,"1,354",$35.54,
Saratoga,Saratoga,0.95,1020,0.35,99,$59.80,
Sawmills,Sawmills,1.31,2681,0.36,12,$47.28,
Scotland County,Scotland County - District I and II,1.28,547,0.42,"1,410",$42.09,
Scotland Neck,Scotland Neck,0.79,,0.55,106,$50.58,
Seaboard,Seaboard,0.92,452,0.49,522,$44.43,
Sedgefield Sanitary District,Sedgefield Sanitary District,0.4,2085,0.69,0,$15.30,
Selma,Selma,0.87,299,0.56,394,$48.58,
Seven Devils,Seven Devils,1.37,738,0.33,589,$50.00,
Severn,Severn,1.06,3416,0.58,0,$30.00,
Shallotte,Shallotte,1.15,624,0.35,13,$42.40,
Sharpsburg,Sharpsburg,0.85,196,0.33,"1,173",$64.21,
Shelby,Shelby,1.26,166,0.36,"1,765",$33.42,
Siler City,Siler City,0,192,0.58,"1,057",$39.13,
Smithfield,Smithfield,1.3,581,0.58,210,$46.36,
South Camden Water and Sewer District,South Camden Water and Sewer District,0.92,1024,0.27,856,$46.50,
South Granville Water and Sewer Authority,South Granville Water and Sewer Authority,1.75,2052,0.21,"2,077",$65.49,
Southeast Brunswick Sanitary District,Southeast Brunswick Sanitary District,1.17,920,0.43,36,$45.00,
Southern Pines,Southern Pines,1,670,0.5,74,$30.90,
Southern Wayne Sanitary District,Southern Wayne Sanitary District,1.04,655,0.59,0,$51.38,
Sparta,Sparta,0.98,273,0.5,"1,634",$36.62,
Spindale,Spindale,1.08,523,0.55,"2,024",$46.60,
Spring Hope,Spring Hope,0.96,254,0.25,585,$33.50,
Spruce Pine,Spruce Pine,0.86,69,0.41,64,$23.15,
St. Pauls,St. Pauls,0.98,232,0.5,68,$34.10,
Stanfield,Stanfield,0.94,555,0.36,0,$59.18,
Stanley,Stanley,0.88,162,0.37,"1,013",$41.75,
Stanly County,Stanly County,0.88,91,0.6,302,$62.61,
Stanly County,Stanly County - Greater Badin Water and Sewer District,0.88,91,0.6,"38,882",$40.83,
Stanly County,Stanly County - Stanfield,0.88,91,0.6,77,$13.10,
Stanly Water and Sewer Authority,Stanly Water and Sewer Authority,1.42,,0.16,114,$62.61,
Stantonsburg,Stantonsburg,1.04,1453,0.4,"2,293",$52.63,
Star,Star,0.83,83,0.8,0,$40.67,
Statesville,Statesville,1.07,860,0.48,985,$32.47,
Stedman,Stedman,0.86,465,0.46,456,$36.25,
Stokes County Water and Sewer Authority,Stokes County Water and Sewer Authority,1.1,435,0.37,0,$70.00,
Stokes County Water and Sewer Authority,Stokes County Water and Sewer Authority - Danbury,1.1,435,0.37,0,$35.75,
Stokesdale,Stokesdale,0.86,1145,0.34,0,$57.45,
Stoneville,Stoneville,0.93,130,0.46,745,$60.23,
Stovall,Stovall,0.77,54,0.31,"1,217",$53.39,
Surf City,Surf City,1.81,764,0.32,"2,715",$45.91,
Surry County,Surry County - Flat Rock/Bannertown Water and Sewer District,0.8,1438,0.27,0,$67.89,
Surry County,Surry County - Gentry Road District,0.8,1438,0.27,0,$65.33,
Swepsonville,Swepsonville,0.97,883,0.45,0,$49.67,
Tarboro,Tarboro,0.89,220,0.72,38,$22.59,
Taylorsville,Taylorsville,0.96,327,0.44,"1,209",$35.50,
Taylortown,Taylortown,0.48,94,0.63,0,$38.00,
Teachey,Teachey,0.82,377,0.4,182,$47.55,
Thomasville,Thomasville,1.21,437,0.64,"1,361",$42.80,
Topsail Beach,Topsail Beach,1.27,1258,0.32,"1,019",$55.42,
Trinity,Trinity,0.38,418,0.2,"1,963",$63.99,
Troutman,Troutman,1.02,141,0.35,400,$46.65,
Troy,Troy,0.93,140,0.69,217,$30.59,
Tuckaseigee Water and Sewer Authority,Tuckaseigee Water and Sewer Authority,1.07,1435,0.4,"1,485",$32.38,
Tuckaseigee Water and Sewer Authority,Tuckaseigee Water and Sewer Authority - Whittier,1.07,1435,0.4,"1,177",$60.97,
Turkey,Turkey,1.2,569,0.76,0,$32.82,
Two Rivers Utilities,Two Rivers Utilities (Gastonia),1.17,263,0.45,707,$32.91,
Tyrrell County,Tyrrell County,0.92,410,0.23,"1,449",$57.63,
Union County,Union County,1.09,1326,0.45,"1,436",$41.30,
Valdese,Valdese,1.03,76,0.55,140,$26.55,
Vance County,Vance County,1.5,909,0.08,"2,027",$81.65,
Wade,Wade,0.72,751,0.65,77,$36.50,
Wadesboro,Wadesboro,0.98,372,0.52,50,$43.79,
Wagram,Wagram,0.74,632,0.35,0,$31.00,
Wallace,Wallace,0.94,319,0.5,879,$35.60,
Walnut Cove,Walnut Cove,1.04,711,0.54,358,$31.45,
Walnut Creek,Walnut Creek,0.96,1226,0.41,532,$56.71,
Walstonburg,Walstonburg,0.8,251,0.42,0,$105.23,
Warren County,Warren County - served by Kerr Lake RWS,1.11,1088,0.36,"1,350",$44.00,
Warrenton,Warrenton,0.74,125,0.58,"1,280",$59.15,
Warsaw,Warsaw,0.89,694,0.38,639,$34.12,
Washington,Washington,1,489,0.57,148,$35.44,
Washington County,Washington County,1.05,538,0.44,655,$63.00,
Wayne Water Districts,Wayne Water Districts,1.17,1187,0.37,542,$40.46,
Waynesville,Waynesville,0.99,324,0.62,66,$26.28,
Weaverville,Weaverville,1.27,819,0.47,294,$46.17,
Weldon,Weldon,1,468,0.51,0,$26.76,
West Jefferson,West Jefferson,0.96,588,0.44,783,$40.76,
Whitakers,Whitakers,0.82,189,0.34,831,$67.05,
White Lake,White Lake,1.23,602,0.47,47,$33.46,
Whiteville,Whiteville,1.04,423,0.43,208,$28.13,
Whitsett,Whitsett,0.63,2275,0.17,0,$72.50,
Whittier Sanitary District,Whittier Sanitary District,1.05,332,0.78,0,$17.50,
Williamston,Williamston,1.04,865,0.52,"1,168",$59.58,
Wilson,Wilson,1.26,403,0.45,383,$42.61,
Wilson County,Wilson County,1.08,677,0.32,951,$59.00,
Windsor,Windsor,0.9,495,0.51,249,$26.70,
Winfall,Winfall,0.71,144,0.36,849,$76.50,
Wingate,Wingate,0.97,159,0.27,885,$49.30,
Winston-Salem,Winston-Salem,1.59,614,0.42,"1,374",$27.66,
Winston-Salem,Winston-Salem - Clemmons,1.59,614,0.42,"1,399",$30.69,
Winston-Salem,Winston-Salem - Kernersville,1.59,614,0.42,"13,978",$36.54,
Winston-Salem,Winston-Salem - Lewisville,1.59,614,0.42,"1,399",$41.49,
Winston-Salem,Winston-Salem - Walkertown,1.59,614,0.42,"28,053",$28.19,
Winterville,Winterville,1.13,141,0.4,443,$29.02,
Winton,Winton,0.99,786,0.57,143,$26.18,
Woodfin Water and Sewer Sanitary District,Woodfin Water and Sewer Sanitary District,0.88,705,0.4,1,$26.80,
Woodland,Woodland,1.04,895,0.72,621,$44.38,
Wrightsville Beach,Wrightsville Beach,1.31,1140,0.64,0,$42.91,
Yadkin County,Yadkin County - Jonesville,0.69,1298,0.37,"15,478",$54.48,
Yadkin County,Yadkin County - Yadkinville,0.69,1298,0.37,102,$40.76,
Yadkin Valley Sewer Authority,Yadkin Valley Sewer Authority,1.15,241,0.38,143,$57.25,
Yadkinville,Yadkinville,1.01,552,0.58,0,$20.36,
Yanceyville,Yanceyville,1.16,536,0.43,"1,174",$31.79,