<?xml version="1.0" encoding="UTF-8"?><metadata>
    <idinfo>
        <citation>
            <citeinfo>
                <origin/>
                <pubdate>20070306</pubdate>
                <title>Type A Current Public Water Systems</title>
                <geoform>vector digital data</geoform>
                <pubinfo>
                    <pubplace/>
                    <publish>NC Center for Geographic Information &amp; Analysis</publish>
                </pubinfo>
                <othercit>NCCGIA distributes this dataset</othercit>
            </citeinfo>
        </citation>
        <descript>
            <abstract>The NC Center for Geographic Information and Analysis developed the GIS data set, Type A Current Public Water Systems, as mapped by contractors to the NC Rural Center (engineering firms McGill &amp;amp; Associates and Hobbs, Upchurch &amp;amp; Associates) during 2004, 2005, and 2006 to facilitate planning, siting and impact analysis in the 100 individual counties of North Carolina. This file enables the user to make various county-level determinations when used in conjunction with other data layers. "Current" in the title Type A Current Public Water Systems refers to the most recent year of data the water system owner had that represented a full year. The survey was in 2004, so this data would normally have been for calendar year 2003.</abstract>
            <purpose>The purpose of this data set is to inform users of key information about public water systems in North Carolina, with particular focus on system size and growth, water usage, water treatment, and capital improvement needs of the systems.</purpose>
            <supplinf>Data limitations: For security reasons, Fort Bragg did not provide service area boundaries; therefore the entire military base was used as the service area boundary. Wake Forest, Knightdale, Wendell, and Zebulon were individual service areas when the data was collected, and this is reflected in the data. However, these sytems have now merged with the Raleigh system. This change will be reflected in future updates, as they occur. Service areas with only future boundaries have system IDs with no other detailed information associated since the systems do not yet exist in mature form. Some service areas have limited information in the corresponding tabular data, either in the form of zero values or missing records. These systems either refused to provide the data or are so new that much of the historical data requested does not yet exist. Revisions and updates to this layer include: 1.) March 2007 version was the first recorded release of this data.</supplinf>
        </descript>
        <timeperd>
            <timeinfo>
                <rngdates>
                    <begdate>20070101</begdate>
                    <enddate>20070306</enddate>
                </rngdates>
            </timeinfo>
            <current>Data creation and revision date</current>
        </timeperd>
        <status>
            <progress>Complete</progress>
            <update>Irregular</update>
        </status>
        <spdom>
            <bounding>
                <westbc>-84.421925</westbc>
                <eastbc>-75.416567</eastbc>
                <northbc>36.617518</northbc>
                <southbc>33.72337</southbc>
            </bounding>
        </spdom>
        <keywords>
            <theme>
                <themekt>ISO 19115 Topic Category</themekt>
                <themekey>utilitiesCommunication</themekey>
            </theme>
            <theme>
                <themekt>None</themekt>
                <themekey>Capital Improvement</themekey>
                <themekey>Water demand</themekey>
                <themekey>Public Water</themekey>
                <themekey>Infrastructure</themekey>
                <themekey>Water usage</themekey>
                <themekey>Water need</themekey>
                <themekey>Service area</themekey>
                <themekey>Water service</themekey>
                <themekey>Rural economic development</themekey>
                <themekey>Water use</themekey>
                <themekey>Water System</themekey>
                <themekey>Type A</themekey>
                <themekey>Water system owner</themekey>
                <themekey>Water 2030</themekey>
                <themekey>Rural Center</themekey>
                <themekey>Bond Funding</themekey>
            </theme>
            <place>
                <placekt>William S. Powell, The North Carolina GAZETTEER, A Dictionary of Tar Heel Places,(Chapel Hill: University of North Carolina Press, August 1984.</placekt>
                <placekey>North Carolina</placekey>
            </place>
        </keywords>
        <accconst>None</accconst>
        <useconst>https://www.nconemap.gov/pages/terms</useconst>
        <ptcontac>
            <cntinfo>
                <cntorgp>
                    <cntorg>North Carolina Center for Geographic Information and Analysis</cntorg>
                    <cntper>David Giordano</cntper>
                </cntorgp>
                <cntpos>Database Administration</cntpos>
                <cntvoice>919-754-6580</cntvoice>
                <cntfax>919-715-8551</cntfax>
                <hours>8am to 5pm</hours>
                <cntinst>Phone and electronic mail preferred</cntinst>
            </cntinfo>
        </ptcontac>
        <native>Esri ArcGIS 12.8.0.29751</native>
    </idinfo>
    <dataqual>
        <attracc>
            <attraccr>This data was collected by engineering firms McGill &amp; Associates and Hobbs, Upchurch &amp; Associates by survey and site visit.</attraccr>
        </attracc>
        <logic>Using ESRI's ARC/INFO GIS software, the data set was built for arc and polygon topology using the "build" command. The data set was then cleaned with a fuzzy tolerance of 10 meters. Topology has not been edited since the last build or clean.</logic>
        <complete>This data layer represents the Type A Current Public Water Systems of all counties in North Carolina.</complete>
        <posacc>
            <horizpa>
                <horizpar>System boundaries were reviewed by CGIA for accuracy and modified as needed.</horizpar>
            </horizpa>
        </posacc>
        <lineage>
            <srcinfo>
                <srccite>
                    <citeinfo>
                        <origin/>
                        <pubdate>20042007</pubdate>
                        <title>Type A Current Public Water Systems</title>
                        <geoform>map</geoform>
                        <pubinfo>
                            <pubplace/>
                            <publish>McGill &amp; Associates and Hobbs, Upchurch &amp; Associates</publish>
                        </pubinfo>
                        <othercit>Map series</othercit>
                    </citeinfo>
                </srccite>
                <srcscale>100000</srcscale>
                <typesrc>hardcopyPaper</typesrc>
                <srctime>
                    <timeinfo>
                        <rngdates>
                            <begdate>20040101</begdate>
                            <enddate>20070101</enddate>
                        </rngdates>
                    </timeinfo>
                    <srccurr>Publication date</srccurr>
                </srctime>
                <srccitea>None</srccitea>
                <srccontr>Paper maps on which 1998 service area boundaries were plotted.</srccontr>
            </srcinfo>
            <procstep>
                <procdesc>Service area boundaries and database were extensively reviewed by CGIA for accuracy and modified where needed.</procdesc>
                <procdate>20042007</procdate>
                <proccont>
                    <cntinfo>
                        <cntorgp>
                            <cntorg>CGIA</cntorg>
                            <cntper>David Giordano</cntper>
                        </cntorgp>
                        <cntvoice>919-754-6580</cntvoice>
                        <cntfax>919-715-8551</cntfax>
                        <hours>8am to 5pm</hours>
                        <cntinst>Phone and electronic mail preferred</cntinst>
                    </cntinfo>
                </proccont>
            </procstep>
            <procstep>
                <procdesc>AMEC Earth and Environmental, Inc. of North Carolina (AMEC) took responsibility for managing the data structure, data connectivity, and quality control aspects of the graphic and numeric data generated for this project. AMEC integrated individual polygons into a statewide coverage of systems of various types, and also performed quality control reviews on numeric data and data ranges for numeric fields. AMEC identified disconnections between polygons and the underlying tabular data and worked with the other contractors and CGIA to rectify these disconnects. Using linear multivariate regression techniques, AMEC estimated current and future capital improvement needs for systems which had no published capital improvement plans.</procdesc>
                <procdate>20042007</procdate>
                <proccont>
                    <cntinfo>
                        <cntorgp>
                            <cntorg>AMEC Earth &amp; Environmental</cntorg>
                            <cntper>Keith Readling</cntper>
                        </cntorgp>
                        <cntaddr>
                            <addrtype>mailing and physical</addrtype>
                            <address>4513 Creedmoor Road, Suite 400</address>
                            <city>Raleigh</city>
                            <state>North Carolina</state>
                            <postal>27612</postal>
                            <country>U.S.A.</country>
                        </cntaddr>
                        <cntvoice>(919) 420-0590</cntvoice>
                        <cntfax>(919) 420-0890</cntfax>
                        <cntemail>keith.readling@amec.com</cntemail>
                        <hours>8:30AM - 5:30PM</hours>
                        <cntinst>Phone and electronic mail preferred</cntinst>
                    </cntinfo>
                </proccont>
            </procstep>
            <procstep>
                <procdesc>The contractors collected graphic data from water and sewer system managers, and collected numeric data from water, sewer, and stormwater system managers throughout North Carolina. Graphic data was collected in one of two ways. If the system of interest was evaluated during the prior system survey of 1998, the new graphic data was collected by forwarding or delivering to each system manager a map of the water or sewer system pipes as they existed in 1998, having the system manager adjust system boundaries to reflect current and expected future boundaries, and making those edits to the 1998 polygons. If the system of interest was not evaluated in the 1998 survey, a map of the current and expected future boundaries of the system was requested from the system manager. In both cases, the current and expected future boundaries of the water or sewer system were ultimately digitized from the data provided by the system manager. In some cases, system managers reported no change in current or expected future system boundaries, and in those cases the resulting polygons are identical to those produced from the 1998 survey. For this study, current system boundaries were defined as those boundaries in existence at the time of the survey (2004). Future system boundaries were defined as the boundaries expected to exist in the year 2010. Numeric data was collected by crafting a table structure for the required data, forwarding a paper questionnaire developed from this data structure to each system manager, collecting that data as a written response to the questionnaire (via return mail or face-to-face meeting), then entering this data into the table structure.</procdesc>
                <procdate>20042007</procdate>
                <proccont>
                    <cntinfo>
                        <cntorgp>
                            <cntorg>McGill &amp; Associates</cntorg>
                            <cntper>Harry Buckner</cntper>
                        </cntorgp>
                        <cntaddr>
                            <addrtype>mailing and physical</addrtype>
                            <address>55 Broad Street</address>
                            <city>Asheville</city>
                            <state>North Carolina</state>
                            <postal>28801</postal>
                            <country>U.S.A.</country>
                        </cntaddr>
                        <cntvoice>(828) 252-0575</cntvoice>
                        <cntfax>(828) 252-2518</cntfax>
                        <cntemail>hbbuckner@mcgillengineers.com</cntemail>
                        <hours>8:30AM - 5:30PM</hours>
                        <cntinst>Phone and electronic mail preferred</cntinst>
                    </cntinfo>
                </proccont>
            </procstep>
            <procstep>
                <procdesc>Same process as outlined in previous step was followed for second contractor.</procdesc>
                <procdate>20042007</procdate>
                <proccont>
                    <cntinfo>
                        <cntorgp>
                            <cntorg>Hobbs, Upchurch &amp; Associates</cntorg>
                            <cntper>Angela Mettlen</cntper>
                        </cntorgp>
                        <cntaddr>
                            <addrtype>mailing and physical</addrtype>
                            <address>2411 N. Oak Street, Suite 204</address>
                            <city>Myrtle Beach</city>
                            <state>South Carolina</state>
                            <postal>29577</postal>
                            <country>U.S.A.</country>
                        </cntaddr>
                        <cntvoice>(843) 626-1910</cntvoice>
                        <cntfax>(843) 626-1745</cntfax>
                        <cntemail>info@hobbsupchurch.com</cntemail>
                        <hours>8:30AM - 5:30PM</hours>
                        <cntinst>Phone and electronic mail preferred</cntinst>
                    </cntinfo>
                </proccont>
            </procstep>
        </lineage>
    </dataqual>
    <spdoinfo>
        <indspref>_Method: County name</indspref>
        <direct>Vector</direct>
        <ptvctinf>
            <sdtsterm>
                <sdtstype>GT-polygon composed of chains</sdtstype>
                <ptvctcnt>0</ptvctcnt>
            </sdtsterm>
        </ptvctinf>
    </spdoinfo>
    <eainfo>
        <detailed>
            <enttyp>
                <enttypl>water</enttypl>
                <enttypd>Boundary extents of Type A Current Water Systems</enttypd>
                <enttypds>NC CGIA</enttypds>
            </enttyp>
            <attr>
                <attrlabl>objectid</attrlabl>
                <attrdef>Internal feature number.</attrdef>
                <attrdefs>Esri</attrdefs>
                <attrdomv>
                                        
                    
                    <udom>Sequential unique whole numbers that are automatically generated.</udom>
                                        
                
                </attrdomv>
            </attr>
            <attr>
                <attrlabl>WASYID</attrlabl>
                <attrdef>System ID (Public Water Supply Permit Number)</attrdef>
                <attrdefs>Water system owner</attrdefs>
                <attrdomv>
                                        
                    
                    <udom>Item varies</udom>
                                        
                
                </attrdomv>
            </attr>
            <attr>
                <attrlabl>WASYNAME</attrlabl>
                <attrdef>Name of System</attrdef>
                <attrdefs>Water system owner</attrdefs>
                <attrdomv>
                                        
                    
                    <udom>Item varies</udom>
                                        
                
                </attrdomv>
            </attr>
            <attr>
                <attrlabl>WAPCS</attrlabl>
                <attrdef>Primary County(s) served</attrdef>
                <attrdefs>Water system owner</attrdefs>
                <attrdomv>
                                        
                    
                    <udom>Item varies</udom>
                                        
                
                </attrdomv>
            </attr>
            <attr>
                <attrlabl>WAPCP</attrlabl>
                <attrdef>Primary Contact Person</attrdef>
                <attrdefs>Water system owner</attrdefs>
                <attrdomv>
                                        
                    
                    <udom>Item varies</udom>
                                        
                
                </attrdomv>
            </attr>
            <attr>
                <attrlabl>WAPCPT</attrlabl>
                <attrdef>Superintendent, Director, etc)</attrdef>
                <attrdefs>Water system owner</attrdefs>
                <attrdomv>
                                        
                    
                    <udom>Item varies</udom>
                                        
                
                </attrdomv>
            </attr>
            <attr>
                <attrlabl>WAADDR</attrlabl>
                <attrdef>Mailing Address</attrdef>
                <attrdefs>Water system owner</attrdefs>
                <attrdomv>
                                        
                    
                    <udom>Item varies</udom>
                                        
                
                </attrdomv>
            </attr>
            <attr>
                <attrlabl>WAPHN</attrlabl>
                <attrdef>Phone Number</attrdef>
                <attrdefs>Water system owner</attrdefs>
                <attrdomv>
                                        
                    
                    <udom>Item varies</udom>
                                        
                
                </attrdomv>
            </attr>
            <attr>
                <attrlabl>WAFAX</attrlabl>
                <attrdef>Fax Number</attrdef>
                <attrdefs>Water system owner</attrdefs>
                <attrdomv>
                                        
                    
                    <udom>Item varies</udom>
                                        
                
                </attrdomv>
            </attr>
            <attr>
                <attrlabl>WAEMAIL</attrlabl>
                <attrdef>Email address</attrdef>
                <attrdefs>Water system owner</attrdefs>
                <attrdomv>
                                        
                    
                    <udom>Item varies</udom>
                                        
                
                </attrdomv>
            </attr>
            <attr>
                <attrlabl>WAVERIFY</attrlabl>
                <attrdef>Name of Verification Person</attrdef>
                <attrdefs>Water system owner</attrdefs>
                <attrdomv>
                                        
                    
                    <udom>Item varies</udom>
                                        
                
                </attrdomv>
            </attr>
            <attr>
                <attrlabl>WAOWNTY</attrlabl>
                <attrdef>
Type of Ownership (Municipality, County, Authority,
District, Non Profit Assoc., For Profit Business,
State, Federal, Other)
</attrdef>
                <attrdefs>Water system owner</attrdefs>
                <attrdomv>
                                        
                    
                    <udom>Item varies</udom>
                                        
                
                </attrdomv>
            </attr>
            <attr>
                <attrlabl>WACSP</attrlabl>
                <attrdef>
Current Service Population (in number of people
served)
</attrdef>
                <attrdefs>Water system owner</attrdefs>
                <attrdomv>
                                        
                    
                    <udom>Item varies</udom>
                                        
                
                </attrdomv>
            </attr>
            <attr>
                <attrlabl>WACSP05</attrlabl>
                <attrdef>
Projected 2005 Service Population (number of people
expected to be served)
</attrdef>
                <attrdefs>Water system owner</attrdefs>
                <attrdomv>
                                        
                    
                    <udom>Item varies</udom>
                                        
                
                </attrdomv>
            </attr>
            <attr>
                <attrlabl>WACSP10</attrlabl>
                <attrdef>
Projected 2010 Service Population (number of people
expected to be served)
</attrdef>
                <attrdefs>Water system owner</attrdefs>
                <attrdomv>
                                        
                    
                    <udom>Item varies</udom>
                                        
                
                </attrdomv>
            </attr>
            <attr>
                <attrlabl>WACSP20</attrlabl>
                <attrdef>
Projected 2020 Service Population (number of people
expected to be served)
</attrdef>
                <attrdefs>Water system owner</attrdefs>
                <attrdomv>
                                        
                    
                    <udom>Item varies</udom>
                                        
                
                </attrdomv>
            </attr>
            <attr>
                <attrlabl>WACSP30</attrlabl>
                <attrdef>
Projected 2030 Service Population (number of people
expected to be served)
</attrdef>
                <attrdefs>Water system owner</attrdefs>
                <attrdomv>
                                        
                    
                    <udom>Item varies</udom>
                                        
                
                </attrdomv>
            </attr>
            <attr>
                <attrlabl>WANMSC</attrlabl>
                <attrdef>
Number of non-metered service connections for finished
water, most recent June 30th. "0" if none, "999999" if
unknown.
</attrdef>
                <attrdefs>Water system owner</attrdefs>
                <attrdomv>
                                        
                    
                    <udom>Item varies</udom>
                                        
                
                </attrdomv>
            </attr>
            <attr>
                <attrlabl>WASYCCR</attrlabl>
                <attrdef>
Number of residential customer connections for finished
water, most recent June 30th. "0" if none, "999999" if
unknown.
</attrdef>
                <attrdefs>Water system owner</attrdefs>
                <attrdomv>
                                        
                    
                    <udom>Item varies</udom>
                                        
                
                </attrdomv>
            </attr>
            <attr>
                <attrlabl>WASYCCNR</attrlabl>
                <attrdef>
Number of non-residential customer connections for
finished water, most recent June 30th. "0" if none,
"999999" if unknown.
</attrdef>
                <attrdefs>Water system owner</attrdefs>
                <attrdomv>
                                        
                    
                    <udom>Item varies</udom>
                                        
                
                </attrdomv>
            </attr>
            <attr>
                <attrlabl>WASYCCBP</attrlabl>
                <attrdef>
Number of bulk purchaser connections for finished water,
most recent June 30th. "0" if none, "999999" if unknown.
</attrdef>
                <attrdefs>Water system owner</attrdefs>
                <attrdomv>
                                        
                    
                    <udom>Item varies</udom>
                                        
                
                </attrdomv>
            </attr>
            <attr>
                <attrlabl>WATOTU</attrlabl>
                <attrdef>
Total Water Usage for most recent fiscal year (in
Million Gallons)
</attrdef>
                <attrdefs>Water system owner</attrdefs>
                <attrdomv>
                                        
                    
                    <udom>Item varies</udom>
                                        
                
                </attrdomv>
            </attr>
            <attr>
                <attrlabl>WAMUNAC</attrlabl>
                <attrdef>
Average Monthly Unaccounted for Water in most recent
fiscal year (in Million Gallons)
</attrdef>
                <attrdefs>Water system owner</attrdefs>
                <attrdomv>
                                        
                    
                    <udom>Item varies</udom>
                                        
                
                </attrdomv>
            </attr>
            <attr>
                <attrlabl>WAMPROC</attrlabl>
                <attrdef>
Average Monthly process water for most recent year
(in Million Gallons)
</attrdef>
                <attrdefs>Water system owner</attrdefs>
                <attrdomv>
                                        
                    
                    <udom>Item varies</udom>
                                        
                
                </attrdomv>
            </attr>
            <attr>
                <attrlabl>WAAMRU</attrlabl>
                <attrdef>Average monthly residential usage (in Million Gallons)</attrdef>
                <attrdefs>Water system owner</attrdefs>
                <attrdomv>
                                        
                    
                    <udom>Item varies</udom>
                                        
                
                </attrdomv>
            </attr>
            <attr>
                <attrlabl>WAAMCU</attrlabl>
                <attrdef>Average monthly commercial usage (in Million Gallons)</attrdef>
                <attrdefs>Water system owner</attrdefs>
                <attrdomv>
                                        
                    
                    <udom>Item varies</udom>
                                        
                
                </attrdomv>
            </attr>
            <attr>
                <attrlabl>WAAMBU</attrlabl>
                <attrdef>Average monthly bulk usage (in Million Gallons)</attrdef>
                <attrdefs>Water system owner</attrdefs>
                <attrdomv>
                                        
                    
                    <udom>Item varies</udom>
                                        
                
                </attrdomv>
            </attr>
            <attr>
                <attrlabl>WASYAJAD</attrlabl>
                <attrdef>
Average Daily Water Usage for January 2003 (Historical
average from 2003 month)
</attrdef>
                <attrdefs>Water system owner</attrdefs>
                <attrdomv>
                                        
                    
                    <udom>Item varies</udom>
                                        
                
                </attrdomv>
            </attr>
            <attr>
                <attrlabl>WASYMJAD</attrlabl>
                <attrdef>
Maximum Daily Water Usage for January 2003 (Historical
maximum from 2003 month)
</attrdef>
                <attrdefs>Water system owner</attrdefs>
                <attrdomv>
                                        
                    
                    <udom>Item varies</udom>
                                        
                
                </attrdomv>
            </attr>
            <attr>
                <attrlabl>WASYAFED</attrlabl>
                <attrdef>
Average Daily Water Usage for February 2003 (Historical
average from 2003 month)
</attrdef>
                <attrdefs>Water system owner</attrdefs>
                <attrdomv>
                                        
                    
                    <udom>Item varies</udom>
                                        
                
                </attrdomv>
            </attr>
            <attr>
                <attrlabl>WASYMFED</attrlabl>
                <attrdef>
Maximum Daily Water Usage for February 2003 (Historical
maximum from 2003 month)
</attrdef>
                <attrdefs>Water system owner</attrdefs>
                <attrdomv>
                                        
                    
                    <udom>Item varies</udom>
                                        
                
                </attrdomv>
            </attr>
            <attr>
                <attrlabl>WASYAMAD</attrlabl>
                <attrdef>
Average Daily Water Usage for March 2003 (Historical
average from 2003 month)
</attrdef>
                <attrdefs>Water system owner</attrdefs>
                <attrdomv>
                                        
                    
                    <udom>Item varies</udom>
                                        
                
                </attrdomv>
            </attr>
            <attr>
                <attrlabl>WASYMMAD</attrlabl>
                <attrdef>
Maximum Daily Water Usage for March 2003 (Historical
maximum from 2003 month)
</attrdef>
                <attrdefs>Water system owner</attrdefs>
                <attrdomv>
                                        
                    
                    <udom>Item varies</udom>
                                        
                
                </attrdomv>
            </attr>
            <attr>
                <attrlabl>WASYAAPD</attrlabl>
                <attrdef>
Average Daily Water Usage for April 2003 (Historical
average from 2003 month)
</attrdef>
                <attrdefs>Water system owner</attrdefs>
                <attrdomv>
                                        
                    
                    <udom>Item varies</udom>
                                        
                
                </attrdomv>
            </attr>
            <attr>
                <attrlabl>WASYMAPD</attrlabl>
                <attrdef>
Maximum Daily Water Usage for April 2003 (Historical
maximum from 2003 month)
</attrdef>
                <attrdefs>Water system owner</attrdefs>
                <attrdomv>
                                        
                    
                    <udom>Item varies</udom>
                                        
                
                </attrdomv>
            </attr>
            <attr>
                <attrlabl>WASYAMYD</attrlabl>
                <attrdef>
Average Daily Water Usage for May 2003 (Historical
average from 2003 month)
</attrdef>
                <attrdefs>Water system owner</attrdefs>
                <attrdomv>
                                        
                    
                    <udom>Item varies</udom>
                                        
                
                </attrdomv>
            </attr>
            <attr>
                <attrlabl>WASYMMYD</attrlabl>
                <attrdef>
Maximum Daily Water Usage for May 2003 (Historical
maximum from 2003 month)
</attrdef>
                <attrdefs>Water system owner</attrdefs>
                <attrdomv>
                                        
                    
                    <udom>Item varies</udom>
                                        
                
                </attrdomv>
            </attr>
            <attr>
                <attrlabl>WASYAJUD</attrlabl>
                <attrdef>
Average Daily Water Usage for June 2003 (Historical
average from 2003 month)
</attrdef>
                <attrdefs>Water system owner</attrdefs>
                <attrdomv>
                                        
                    
                    <udom>Item varies</udom>
                                        
                
                </attrdomv>
            </attr>
            <attr>
                <attrlabl>WASYMJUD</attrlabl>
                <attrdef>
Maximum Daily Water Usage for June 2003 (Historical
maximum from 2003 month)
</attrdef>
                <attrdefs>Water system owner</attrdefs>
                <attrdomv>
                                        
                    
                    <udom>Item varies</udom>
                                        
                
                </attrdomv>
            </attr>
            <attr>
                <attrlabl>WASYAJLD</attrlabl>
                <attrdef>
Average Daily Water Usage for July 2003 (Historical
average from 2003 month)
</attrdef>
                <attrdefs>Water system owner</attrdefs>
                <attrdomv>
                                        
                    
                    <udom>Item varies</udom>
                                        
                
                </attrdomv>
            </attr>
            <attr>
                <attrlabl>WASYMJLD</attrlabl>
                <attrdef>
Maximum Daily Water Usage for July 2003 (Historical
maximum from 2003 month)
</attrdef>
                <attrdefs>Water system owner</attrdefs>
                <attrdomv>
                                        
                    
                    <udom>Item varies</udom>
                                        
                
                </attrdomv>
            </attr>
            <attr>
                <attrlabl>WASYAAUD</attrlabl>
                <attrdef>
Average Daily Water Usage for August 2003 (Historical
average from 2003 month)
</attrdef>
                <attrdefs>Water system owner</attrdefs>
                <attrdomv>
                                        
                    
                    <udom>Item varies</udom>
                                        
                
                </attrdomv>
            </attr>
            <attr>
                <attrlabl>WASYMAUD</attrlabl>
                <attrdef>
Maximum Daily Water Usage for August 2003 (Historical
maximum from 2003 month)
</attrdef>
                <attrdefs>Water system owner</attrdefs>
                <attrdomv>
                                        
                    
                    <udom>Item varies</udom>
                                        
                
                </attrdomv>
            </attr>
            <attr>
                <attrlabl>WASYASED</attrlabl>
                <attrdef>
Average Daily Water Usage for September 2003 (Historical
average from 2003 month)
</attrdef>
                <attrdefs>Water system owner</attrdefs>
                <attrdomv>
                                        
                    
                    <udom>Item varies</udom>
                                        
                
                </attrdomv>
            </attr>
            <attr>
                <attrlabl>WASYMSED</attrlabl>
                <attrdef>
Maximum Daily Water Usage for September 2003 (Historical
maximum from 2003 month)
</attrdef>
                <attrdefs>Water system owner</attrdefs>
                <attrdomv>
                                        
                    
                    <udom>Item varies</udom>
                                        
                
                </attrdomv>
            </attr>
            <attr>
                <attrlabl>WASYAOCD</attrlabl>
                <attrdef>
Average Daily Water Usage for October 2003 (Historical
average from 2003 month)
</attrdef>
                <attrdefs>Water system owner</attrdefs>
                <attrdomv>
                                        
                    
                    <udom>Item varies</udom>
                                        
                
                </attrdomv>
            </attr>
            <attr>
                <attrlabl>WASYMOCD</attrlabl>
                <attrdef>
Maximum Daily Water Usage for October 2003 (Historical
maximum from 2003 month)
</attrdef>
                <attrdefs>Water system owner</attrdefs>
                <attrdomv>
                                        
                    
                    <udom>Item varies</udom>
                                        
                
                </attrdomv>
            </attr>
            <attr>
                <attrlabl>WASYANOD</attrlabl>
                <attrdef>
Average Daily Water Usage for November 2003 (Historical
average from 2003 month)
</attrdef>
                <attrdefs>Water system owner</attrdefs>
                <attrdomv>
                                        
                    
                    <udom>Item varies</udom>
                                        
                
                </attrdomv>
            </attr>
            <attr>
                <attrlabl>WASYMNOD</attrlabl>
                <attrdef>
Maximum Daily Water Usage for November 2003 (Historical
maximum from 2003 month)
</attrdef>
                <attrdefs>Water system owner</attrdefs>
                <attrdomv>
                                        
                    
                    <udom>Item varies</udom>
                                        
                
                </attrdomv>
            </attr>
            <attr>
                <attrlabl>WASYADED</attrlabl>
                <attrdef>
Average Daily Water Usage for December 2003 (Historical
average from 2003 month)
</attrdef>
                <attrdefs>Water system owner</attrdefs>
                <attrdomv>
                                        
                    
                    <udom>Item varies</udom>
                                        
                
                </attrdomv>
            </attr>
            <attr>
                <attrlabl>WASYMDED</attrlabl>
                <attrdef>
Maximum Daily Water Usage for December 2003 (Historical
maximum from 2003 month)
</attrdef>
                <attrdefs>Water system owner</attrdefs>
                <attrdomv>
                                        
                    
                    <udom>Item varies</udom>
                                        
                
                </attrdomv>
            </attr>
            <attr>
                <attrlabl>WADRD05</attrlabl>
                <attrdef>
Average daily residential demand 2005
(Projected average daily usage during fiscal year
ending June 30, 2005. "999.999" if unknown)
</attrdef>
                <attrdefs>Water system owner</attrdefs>
                <attrdomv>
                                        
                    
                    <udom>Item varies</udom>
                                        
                
                </attrdomv>
            </attr>
            <attr>
                <attrlabl>WADRD10</attrlabl>
                <attrdef>
Average daily residential demand 2010
(Projected average daily usage during fiscal year
ending June 30, 2010. "999.999" if unknown)
</attrdef>
                <attrdefs>Water system owner</attrdefs>
                <attrdomv>
                                        
                    
                    <udom>Item varies</udom>
                                        
                
                </attrdomv>
            </attr>
            <attr>
                <attrlabl>WADRD20</attrlabl>
                <attrdef>
Average daily residential demand 2020
(Projected average daily usage during fiscal year
ending June 30, 2020. "999.999" if unknown)
</attrdef>
                <attrdefs>Water system owner</attrdefs>
                <attrdomv>
                                        
                    
                    <udom>Item varies</udom>
                                        
                
                </attrdomv>
            </attr>
            <attr>
                <attrlabl>WADRD30</attrlabl>
                <attrdef>
Average daily residential demand 2030
(Projected average daily usage during fiscal year
ending June 30, 2030. "999.999" if unknown)
</attrdef>
                <attrdefs>Water system owner</attrdefs>
                <attrdomv>
                                        
                    
                    <udom>Item varies</udom>
                                        
                
                </attrdomv>
            </attr>
            <attr>
                <attrlabl>WADCD05</attrlabl>
                <attrdef>
Average daily commercial demand 2005
(Projected average daily usage during fiscal year
ending June 30, 2005. "999.999" if unknown)
</attrdef>
                <attrdefs>Water system owner</attrdefs>
                <attrdomv>
                                        
                    
                    <udom>Item varies</udom>
                                        
                
                </attrdomv>
            </attr>
            <attr>
                <attrlabl>WADCD10</attrlabl>
                <attrdef>
Average daily commercial demand 2010
(Projected average daily usage during fiscal year
ending June 30, 2010. "999.999" if unknown)
</attrdef>
                <attrdefs>Water system owner</attrdefs>
                <attrdomv>
                                        
                    
                    <udom>Item varies</udom>
                                        
                
                </attrdomv>
            </attr>
            <attr>
                <attrlabl>WADCD20</attrlabl>
                <attrdef>
Average daily commercial demand 2010
(Projected average daily usage during fiscal year
ending June 30, 2020. "999.999" if unknown)
</attrdef>
                <attrdefs>Water system owner</attrdefs>
                <attrdomv>
                                        
                    
                    <udom>Item varies</udom>
                                        
                
                </attrdomv>
            </attr>
            <attr>
                <attrlabl>WADCD30</attrlabl>
                <attrdef>
Average daily commercial demand 2030
(Projected average daily usage during fiscal year
ending June 30, 2030. "999.999" if unknown)
</attrdef>
                <attrdefs>Water system owner</attrdefs>
                <attrdomv>
                                        
                    
                    <udom>Item varies</udom>
                                        
                
                </attrdomv>
            </attr>
            <attr>
                <attrlabl>WADPD05</attrlabl>
                <attrdef>
Average daily process demand 2005
(Projected average daily usage during fiscal year
ending June 30, 2005. "999.999" if unknown)
</attrdef>
                <attrdefs>Water system owner</attrdefs>
                <attrdomv>
                                        
                    
                    <udom>Item varies</udom>
                                        
                
                </attrdomv>
            </attr>
            <attr>
                <attrlabl>WADPD10</attrlabl>
                <attrdef>
Average daily process demand 2010
(Projected average daily usage during fiscal year
ending June 30, 2010. "999.999" if unknown)
</attrdef>
                <attrdefs>Water system owner</attrdefs>
                <attrdomv>
                                        
                    
                    <udom>Item varies</udom>
                                        
                
                </attrdomv>
            </attr>
            <attr>
                <attrlabl>WADPD20</attrlabl>
                <attrdef>
Average daily process demand 2020
(Projected average daily usage during fiscal year
ending June 30, 2020. "999.999" if unknown)
</attrdef>
                <attrdefs>Water system owner</attrdefs>
                <attrdomv>
                                        
                    
                    <udom>Item varies</udom>
                                        
                
                </attrdomv>
            </attr>
            <attr>
                <attrlabl>WADPD30</attrlabl>
                <attrdef>
Average daily process demand 2030
(Projected average daily usage during fiscal year
ending June 30, 2030. "999.999" if unknown)
</attrdef>
                <attrdefs>Water system owner</attrdefs>
                <attrdomv>
                                        
                    
                    <udom>Item varies</udom>
                                        
                
                </attrdomv>
            </attr>
            <attr>
                <attrlabl>WAMUD05</attrlabl>
                <attrdef>
Average monthly unaccounted demand 2005
(Projected average monthly usage during fiscal year
ending June 30, 2005. "999.999" if unknown)
</attrdef>
                <attrdefs>Water system owner</attrdefs>
                <attrdomv>
                                        
                    
                    <udom>Item varies</udom>
                                        
                
                </attrdomv>
            </attr>
            <attr>
                <attrlabl>WAMUD10</attrlabl>
                <attrdef>
Average monthly unaccounted demand 2010
(Projected average monthly usage during fiscal year
ending June 30, 2010. "999.999" if unknown)
</attrdef>
                <attrdefs>Water system owner</attrdefs>
                <attrdomv>
                                        
                    
                    <udom>Item varies</udom>
                                        
                
                </attrdomv>
            </attr>
            <attr>
                <attrlabl>WAMUD20</attrlabl>
                <attrdef>
Average monthly unaccounted demand 2020
(Projected average monthly usage during fiscal year
ending June 30, 2020. "999.999" if unknown)
</attrdef>
                <attrdefs>Water system owner</attrdefs>
                <attrdomv>
                                        
                    
                    <udom>Item varies</udom>
                                        
                
                </attrdomv>
            </attr>
            <attr>
                <attrlabl>WAMUD30</attrlabl>
                <attrdef>
Average monthly unaccounted demand 2030
(Projected average monthly usage during fiscal year
ending June 30, 2030. "999.999" if unknown)
</attrdef>
                <attrdefs>Water system owner</attrdefs>
                <attrdomv>
                                        
                    
                    <udom>Item varies</udom>
                                        
                
                </attrdomv>
            </attr>
            <attr>
                <attrlabl>WALDP</attrlabl>
                <attrdef>Leak detection program</attrdef>
                <attrdefs>Water system owner</attrdefs>
                <attrdomv>
                                        
                    
                    <edom>
                                                
                        
                        <edomv>Y</edomv>
                                                
                        
                        <edomvd>Program is in place</edomvd>
                                                
                        
                        <edomvds>Water system owner</edomvds>
                                                
                    
                    </edom>
                                        
                
                </attrdomv>
                <attrdomv>
                                        
                    
                    <edom>
                                                
                        
                        <edomv>N</edomv>
                                                
                        
                        <edomvd>Program is not in place</edomvd>
                                                
                        
                        <edomvds>Water system owner</edomvds>
                                                
                    
                    </edom>
                                        
                
                </attrdomv>
            </attr>
            <attr>
                <attrlabl>WAVEP</attrlabl>
                <attrdef>Valve exercise program</attrdef>
                <attrdefs>Water system owner</attrdefs>
                <attrdomv>
                                        
                    
                    <edom>
                                                
                        
                        <edomv>Y</edomv>
                                                
                        
                        <edomvd>Program is in place</edomvd>
                                                
                        
                        <edomvds>Water system owner</edomvds>
                                                
                    
                    </edom>
                                        
                
                </attrdomv>
                <attrdomv>
                                        
                    
                    <edom>
                                                
                        
                        <edomv>N</edomv>
                                                
                        
                        <edomvd>Program is not in place</edomvd>
                                                
                        
                        <edomvds>Water system owner</edomvds>
                                                
                    
                    </edom>
                                        
                
                </attrdomv>
            </attr>
            <attr>
                <attrlabl>WAMRP</attrlabl>
                <attrdef>Meter replacement program</attrdef>
                <attrdefs>Water system owner</attrdefs>
                <attrdomv>
                                        
                    
                    <edom>
                                                
                        
                        <edomv>Y</edomv>
                                                
                        
                        <edomvd>Program is in place</edomvd>
                                                
                        
                        <edomvds>Water system owner</edomvds>
                                                
                    
                    </edom>
                                        
                
                </attrdomv>
                <attrdomv>
                                        
                    
                    <edom>
                                                
                        
                        <edomv>N</edomv>
                                                
                        
                        <edomvd>Program is not in place</edomvd>
                                                
                        
                        <edomvds>Water system owner</edomvds>
                                                
                    
                    </edom>
                                        
                
                </attrdomv>
            </attr>
            <attr>
                <attrlabl>WALDS</attrlabl>
                <attrdef>Leak detection study</attrdef>
                <attrdefs>Water system owner</attrdefs>
                <attrdomv>
                                        
                    
                    <edom>
                                                
                        
                        <edomv>Y</edomv>
                                                
                        
                        <edomvd>Study has been done in the past 5 years</edomvd>
                                                
                        
                        <edomvds>Water system owner</edomvds>
                                                
                    
                    </edom>
                                        
                
                </attrdomv>
                <attrdomv>
                                        
                    
                    <edom>
                                                
                        
                        <edomv>N</edomv>
                                                
                        
                        <edomvd>Study has not been done in the past 5 years</edomvd>
                                                
                        
                        <edomvds>Water system owner</edomvds>
                                                
                    
                    </edom>
                                        
                
                </attrdomv>
            </attr>
            <attr>
                <attrlabl>WAVHM</attrlabl>
                <attrdef>VHM Locations</attrdef>
                <attrdefs>Water system owner</attrdefs>
                <attrdomv>
                                        
                    
                    <edom>
                                                
                        
                        <edomv>Y</edomv>
                                                
                        
                        <edomvd>All valves, hydrants, and meters are located</edomvd>
                                                
                        
                        <edomvds>Water system owner</edomvds>
                                                
                    
                    </edom>
                                        
                
                </attrdomv>
                <attrdomv>
                                        
                    
                    <edom>
                                                
                        
                        <edomv>N</edomv>
                                                
                        
                        <edomvd>Not all valves, hydrants, and meters are located</edomvd>
                                                
                        
                        <edomvds>Water system owner</edomvds>
                                                
                    
                    </edom>
                                        
                
                </attrdomv>
            </attr>
            <attr>
                <attrlabl>WASM</attrlabl>
                <attrdef>System Map</attrdef>
                <attrdefs>Water system owner</attrdefs>
                <attrdomv>
                                        
                    
                    <edom>
                                                
                        
                        <edomv>Y</edomv>
                                                
                        
                        <edomvd>System is mapped</edomvd>
                                                
                        
                        <edomvds>Water system owner</edomvds>
                                                
                    
                    </edom>
                                        
                
                </attrdomv>
                <attrdomv>
                                        
                    
                    <edom>
                                                
                        
                        <edomv>N</edomv>
                                                
                        
                        <edomvd>System is not mapped</edomvd>
                                                
                        
                        <edomvds>Water system owner</edomvds>
                                                
                    
                    </edom>
                                        
                
                </attrdomv>
            </attr>
            <attr>
                <attrlabl>WAGIS</attrlabl>
                <attrdef>GIS Data</attrdef>
                <attrdefs>Water system owner</attrdefs>
                <attrdomv>
                                        
                    
                    <edom>
                                                
                        
                        <edomv>Y</edomv>
                                                
                        
                        <edomvd>System map is in GIS format</edomvd>
                                                
                        
                        <edomvds>Water system owner</edomvds>
                                                
                    
                    </edom>
                                        
                
                </attrdomv>
                <attrdomv>
                                        
                    
                    <edom>
                                                
                        
                        <edomv>N</edomv>
                                                
                        
                        <edomvd>System map is not in GIS format</edomvd>
                                                
                        
                        <edomvds>Water system owner</edomvds>
                                                
                    
                    </edom>
                                        
                
                </attrdomv>
            </attr>
            <attr>
                <attrlabl>WAUPDATE</attrlabl>
                <attrdef>Update Willingness</attrdef>
                <attrdefs>Water system owner</attrdefs>
                <attrdomv>
                                        
                    
                    <edom>
                                                
                        
                        <edomv>Y</edomv>
                                                
                        
                        <edomvd>Service owner is willing to update data annually</edomvd>
                                                
                        
                        <edomvds>Water system owner</edomvds>
                                                
                    
                    </edom>
                                        
                
                </attrdomv>
                <attrdomv>
                                        
                    
                    <edom>
                                                
                        
                        <edomv>N</edomv>
                                                
                        
                        <edomvd>Service owner is not willing to update data annually</edomvd>
                                                
                        
                        <edomvds>Water system owner</edomvds>
                                                
                    
                    </edom>
                                        
                
                </attrdomv>
            </attr>
            <attr>
                <attrlabl>WABIT</attrlabl>
                <attrdef>Interbasin Transfer</attrdef>
                <attrdefs>Water system owner</attrdefs>
                <attrdomv>
                                        
                    
                    <edom>
                                                
                        
                        <edomv>Y</edomv>
                                                
                        
                        <edomvd>System has an approved interbasin transfer</edomvd>
                                                
                        
                        <edomvds>Water system owner</edomvds>
                                                
                    
                    </edom>
                                        
                
                </attrdomv>
                <attrdomv>
                                        
                    
                    <edom>
                                                
                        
                        <edomv>N</edomv>
                                                
                        
                        <edomvd>System does not have an approved interbasin transfer</edomvd>
                                                
                        
                        <edomvds>Water system owner</edomvds>
                                                
                    
                    </edom>
                                        
                
                </attrdomv>
            </attr>
            <attr>
                <attrlabl>WAIBTA</attrlabl>
                <attrdef>
Interbasin Transfer Amount (List in millions of
gallons per day)
</attrdef>
                <attrdefs>Water system owner</attrdefs>
                <attrdomv>
                                        
                    
                    <udom>Item varies</udom>
                                        
                
                </attrdomv>
            </attr>
            <attr>
                <attrlabl>WAWELLS</attrlabl>
                <attrdef>Total number of wells (number of wells in system)</attrdef>
                <attrdefs>Water system owner</attrdefs>
                <attrdomv>
                                        
                    
                    <udom>Item varies</udom>
                                        
                
                </attrdomv>
            </attr>
            <attr>
                <attrlabl>WAGWADW</attrlabl>
                <attrdef>
Total average daily groundwater withdrawal
(in millions of gallons per day)
</attrdef>
                <attrdefs>Water system owner</attrdefs>
                <attrdomv>
                                        
                    
                    <udom>Item varies</udom>
                                        
                
                </attrdomv>
            </attr>
            <attr>
                <attrlabl>WAGWPER</attrlabl>
                <attrdef>
Total maximum daily groundwater withdrawal permitted
(in millions of gallons per day)
</attrdef>
                <attrdefs>Water system owner</attrdefs>
                <attrdomv>
                                        
                    
                    <udom>Item varies</udom>
                                        
                
                </attrdomv>
            </attr>
            <attr>
                <attrlabl>WATANKS</attrlabl>
                <attrdef>
Total number of finished water storage tanks
(999999 if none)
</attrdef>
                <attrdefs>Water system owner</attrdefs>
                <attrdomv>
                                        
                    
                    <udom>Item varies</udom>
                                        
                
                </attrdomv>
            </attr>
            <attr>
                <attrlabl>WACAPY</attrlabl>
                <attrdef>
Total finished water storage capacity
(in millions of gallons, 999999 if unknown)
</attrdef>
                <attrdefs>Water system owner</attrdefs>
                <attrdomv>
                                        
                    
                    <udom>Item varies</udom>
                                        
                
                </attrdomv>
            </attr>
            <attr>
                <attrlabl>WAPOLICY</attrlabl>
                <attrdef>
Water system data sharing policy (no policy or
ordinance, no public sharing, no public sharing
of certain critical information)
</attrdef>
                <attrdefs>Water system owner</attrdefs>
                <attrdomv>
                                        
                    
                    <udom>Item varies</udom>
                                        
                
                </attrdomv>
            </attr>
            <attr>
                <attrlabl>OMW94</attrlabl>
                <attrdef>
Past O&amp;M Budget (total amount in thousands of
dollars for the actual O&amp;M budget for the system
for the fiscal year 1994-1995 for historical
benchmarking)
</attrdef>
                <attrdefs>Water system owner</attrdefs>
                <attrdomv>
                                        
                    
                    <udom>Item varies</udom>
                                        
                
                </attrdomv>
            </attr>
            <attr>
                <attrlabl>WUSE94</attrlabl>
                <attrdef>
Past Water Usage (total water treated in fiscal
year 1994-1995 in Millions of Gallons for historical
benchmarking)
</attrdef>
                <attrdefs>Water system owner</attrdefs>
                <attrdomv>
                                        
                    
                    <udom>Item varies</udom>
                                        
                
                </attrdomv>
            </attr>
            <attr>
                <attrlabl>OMW2004T</attrlabl>
                <attrdef>Annual O&amp;M Expenditure 2004 (in thousands of dollars)</attrdef>
                <attrdefs>Water system owner</attrdefs>
                <attrdomv>
                                        
                    
                    <udom>Item varies</udom>
                                        
                
                </attrdomv>
            </attr>
            <attr>
                <attrlabl>wasyid_12</attrlabl>
            </attr>
            <attr>
                <attrlabl>CURCIP</attrlabl>
                <attrdef>
Current CIP Need (total amount in thousands
of dollars for the estimated CIP needs for the
system for the period FY04-05 through FY09-10
-- a 5 year period, defined as current need)
</attrdef>
                <attrdefs>Water system owner</attrdefs>
                <attrdomv>
                                        
                    
                    <udom>Item varies</udom>
                                        
                
                </attrdomv>
            </attr>
            <attr>
                <attrlabl>FUTCIP</attrlabl>
                <attrdef>
Future CIP Need (total amount in thousands
of dollars for the estimated CIP needs for the
system for the period FY10-11 through FY29-30
-- a 20 year period, defined as future need)
</attrdef>
                <attrdefs>Water system owner</attrdefs>
                <attrdomv>
                                        
                    
                    <udom>Item varies</udom>
                                        
                
                </attrdomv>
            </attr>
            <attr>
                <attrlabl>CURSOUR</attrlabl>
                <attrdef>
Source of current CIP value (either estimated
by consultant or reported by system)
</attrdef>
                <attrdefs>Water system owner</attrdefs>
                <attrdomv>
                                        
                    
                    <udom>Item varies</udom>
                                        
                
                </attrdomv>
            </attr>
            <attr>
                <attrlabl>FUTSOUR</attrlabl>
                <attrdef>
Source of future CIP value (either estimated
by consultant or reported by system).
</attrdef>
                <attrdefs>Water system owner</attrdefs>
                <attrdomv>
                                        
                    
                    <udom>Item varies</udom>
                                        
                
                </attrdomv>
            </attr>
            <attr>
                <attrlabl>shape</attrlabl>
                <attrdef>Feature geometry.</attrdef>
                <attrdefs>Esri</attrdefs>
                <attrdomv>
                                        
                    
                    <udom>Coordinates defining the features.</udom>
                                        
                
                </attrdomv>
            </attr>
            <attr>
                <attrlabl>st_area(shape)</attrlabl>
            </attr>
            <attr>
                <attrlabl>st_perimeter(shape)</attrlabl>
            </attr>
        </detailed>
        <overview>
            <eaover>
A dataset depicting the North Carolina Type A Current Water Systems.
Polygons have attribute data including total area in coverage
units (square meters), total perimeter (linear meters),
polygon internal identification number, polygon user
identification number, and pertinent system information.
&gt;
&gt;The following tables can be related to the water system service areas.
&gt;There is a one-to-many relationship between the water systems and
&gt;records in these tables that prevents joining the tables to the areas.
&gt;
&gt;BFWater Table (BF - Bond Funding)
&gt;ITEM NAME   TYPE       DESCRIPTION
&gt;WASYID      Text       System ID (relate item)
&gt;SYSTEM      Text       Name of water system receiving bond funds
&gt;FUNDER      Text       Funder of the bond or grant funds to the system
&gt;PROGRAM     Text       Specific program under which the bond funds
&gt;                       were made available
&gt;COUNTY      Text       Name of county where system serves or will serve
&gt;REDC_DES    Text       Bond funding project description (this field is only
&gt;                       populated for projects funded through NCREDC)
&gt;AWARD       Currency   Value of funds awarded (in US dollars)
&gt;PR_TYPE     Text       Bond funding project type (Water or Sewer)
&gt;
&gt;Purchased Water Table
&gt;ITEM NAME   TYPE       DESCRIPTION
&gt;WASYID      Text       System ID (relate item)
&gt;WASSNM      Text       Name of supplying system (the name of water
&gt;                       systems supplying water to the system through
&gt;                       purchase agreements)
&gt;WASSPWS     Text       Public Water Supply Permit Number of the
&gt;                       system supplying water to your system
&gt;WAPURTY     Text       Purchase type (Supplemental or Emergency)
&gt;WAPURADA    Double     Purchase average daily amount (in millions
&gt;                       of gallons per day)
&gt;WAPURDAY    Integer    Purchase days (number of days in 2003 that
&gt;                       water as purchased from this supplier)
&gt;WAPURCON    Double     Purchase contract amount (in millions of gallons
&gt;                       per day)
&gt;WAPUREXP    Text       Purchase contract expiration (month and year
&gt;                       the purchase contract will expire)
&gt;
&gt;Water_Treatment Plants Table
&gt;ITEM NAME   TYPE       DESCRIPTION
&gt;WASYID      Text       System ID (relate item)
&gt;WATPID      Text       Treatment Plant ID
&gt;WATPNM      Text       Name of Plants
&gt;WATPCPTY    Double     Permitted Plant Capacity (999999.000 if unknown)
&gt;WATPMDP     Double     Maximum Daily Production (999999.000 if unknown)
&gt;WATPADP     Double     Average Daily Production (999999.000 if unknown)
&gt;
&gt;Water Intakes Table
&gt;ITEM NAME   TYPE       DESCRIPTION
&gt;WATPID      Text       Treatment Plant ID (relate item - relates to
&gt;                       treatment plant table)
&gt;WASUMNM     Text       Name the supplying stream(s) or reservoir(s)
&gt;                       for the water system Type A (NA if source is
&gt;                       groundwater)
&gt;WAINTK      Text       Name of County where intake is located. (NA if
&gt;                       source is groundwater)
&gt;WAINTADW    Double     Average daily 2003 withdrawal from intake
&gt;                       (in million gallons per day, only for days the
&gt;                       intake was used)
&gt;WAINTMAX    Double     Maximum daily withdrawal from intake in 2003
&gt;                       (in million gallons per day)
&gt;WAAVSUP     Double     Available Supply (approved total allocation
&gt;                       per day in million gallons per day)
&gt;WAOSAS      Double     Off-stream raw water storage available
&gt;                       (in millions of gallons)
&gt;
</eaover>
            <eadetcit>None</eadetcit>
        </overview>
    </eainfo>
    <distinfo>
        <distrib>
            <cntinfo>
                <cntorgp>
                    <cntorg>NC Center for Geographic Information and Analysis</cntorg>
                </cntorgp>
                <cntpos>Database Administration</cntpos>
                <cntvoice>919-754-6580</cntvoice>
                <cntfax>919-715-8551</cntfax>
                <hours>8:30AM - 5:30PM</hours>
                <cntinst>Phone and electronic mail preferred</cntinst>
            </cntinfo>
        </distrib>
        <distliab>NCCGIA is charged with the development and maintenance of NC OneMap and, in cooperation with other mapping organizations, is committed to offering its users accurate, useful, and current information. Although every effort has been made to ensure the accuracy of information, errors and conditions originating from physical sources used to develop this dataset may be reflected in the data supplied. The user must be aware of possible conditions and bear responsibility for the appropriate use of the information with respect to possible errors, original map scale, collection methodology, currency of data, and other conditions specific to certain data. NCCGIA does not support secondary distribution of this dataset without its current, compliant metadata record. The use of trade names or commercial products does not constitute their endorsement by NCCGIA or North Carolina State Government.</distliab>
        <stdorder>
            <digform>
                <digtinfo>
                    <formname>ESRI shapefile (*.shp)</formname>
                </digtinfo>
                <digtopt/>
            </digform>
            <fees>None. Download from www.nconemap.com is free of charge.</fees>
        </stdorder>
    </distinfo>
    <metainfo>
        <metd>20220523</metd>
        <metc>
            <cntinfo>
                <cntorgp>
                    <cntorg>North Carolina Center for Geographic Information and Analysis</cntorg>
                    <cntper>David Giordano</cntper>
                </cntorgp>
                <cntpos>Database Administration</cntpos>
                <cntvoice>919-754-6580</cntvoice>
                <cntfax>919-715-8551</cntfax>
                <hours>8am to 5pm</hours>
                <cntinst>Phone and electronic mail preferred</cntinst>
            </cntinfo>
        </metc>
        <metstdn>FGDC Content Standard for Digital Geospatial Metadata</metstdn>
        <metstdv>FGDC-STD-001-1998</metstdv>
        <mettc>local time</mettc>
        <metuc>This metadata file is to accompany the dataset. NCCGIA does not support secondary distribution of this dataset without its current, compliant metadata record. If the dataset described in this metadata record was received from anyone besides NCCGIA, this metadata and the dataset it describes may contain discrepancies.</metuc>
    </metainfo>
</metadata>
